<?xml version="1.0" encoding="UTF-8"?>
<project xmlns="http://maven.apache.org/DECORATION/1.3.0"
        xmlns:xsi="http://www.w3.org/2001/XMLSchema-instance"
        xsi:schemaLocation="http://maven.apache.org/DECORATION/1.3.0 http://maven.apache.org/xsd/decoration-1.3.0.xsd"
        name="PermissionsEx">
        <version position="right" />
        <body>
            <menu ref="reports" />
        </body>
        <skin>
            <groupId>org.apache.maven.skins</groupId>
            <artifactId>maven-fluido-skin</artifactId>
            <version>1.3.1</version>
        </skin>
</project>
